{
  "generated_at": "2025-10-15T21:34:33.211916",
  "package": "3I_ATLAS_KNOWLEDGE_FILES",
  "files": [
    {
      "id": "the_interplay_of_agency_and_contingency_decoding_narrative_structure_extraterrestrial_signals_and_the_architecture_of_human_belief",
      "title": "The Interplay of Agency and Contingency: Decoding Narrative Structure, Extraterrestrial Signals, and the Architecture of Human Belief",
      "mode": "utf8-text",
      "md_file": "The_Interplay_of_Agency_and_Contingency_Decoding_Narrative_Structure_Extraterrestrial_Signals_and_the_Architecture_of_Human_Belief.md",
      "txt_file": "The_Interplay_of_Agency_and_Contingency_Decoding_Narrative_Structure_Extraterrestrial_Signals_and_the_Architecture_of_Human_Belief.txt",
      "source_docx": "The Interplay of Agency and Contingency: Decoding Narrative Structure, Extraterrestrial Signals, and the Architecture of Human Belief.docx",
      "word_count": 20669,
      "char_count": 147490,
      "tags": [
        "3I/ATLAS",
        "ATLAS Directive",
        "knowledge"
      ]
    },
    {
      "id": "the_atlas_directive_nft_launch_strategy__value_proposition",
      "title": "The ATLAS Directive: NFT Launch Strategy & Value Proposition",
      "mode": "utf8-text",
      "md_file": "The_ATLAS_Directive_NFT_Launch_Strategy__Value_Proposition.md",
      "txt_file": "The_ATLAS_Directive_NFT_Launch_Strategy__Value_Proposition.txt",
      "source_docx": "The ATLAS Directive: NFT Launch Strategy & Value Proposition.docx",
      "word_count": 1349,
      "char_count": 8996,
      "tags": [
        "3I/ATLAS",
        "ATLAS Directive",
        "knowledge"
      ]
    },
    {
      "id": "agent_brief_narrative_content_generation_for_the_atlas_directive",
      "title": "Agent Brief: Narrative Content Generation for 'The ATLAS Directive'",
      "mode": "utf8-text",
      "md_file": "Agent_Brief_Narrative_Content_Generation_for_The_ATLAS_Directive.md",
      "txt_file": "Agent_Brief_Narrative_Content_Generation_for_The_ATLAS_Directive.txt",
      "source_docx": "Agent Brief: Narrative Content Generation for 'The ATLAS Directive'.docx",
      "word_count": 968,
      "char_count": 6680,
      "tags": [
        "3I/ATLAS",
        "ATLAS Directive",
        "knowledge"
      ]
    },
    {
      "id": "the_atlas_directive_final_consolidated_execution_plan",
      "title": "The ATLAS Directive: Final Consolidated Execution Plan",
      "mode": "utf8-text",
      "md_file": "The_ATLAS_Directive_Final_Consolidated_Execution_Plan.md",
      "txt_file": "The_ATLAS_Directive_Final_Consolidated_Execution_Plan.txt",
      "source_docx": "The ATLAS Directive: Final Consolidated Execution Plan.docx",
      "word_count": 1032,
      "char_count": 6916,
      "tags": [
        "3I/ATLAS",
        "ATLAS Directive",
        "knowledge"
      ]
    },
    {
      "id": "the_atlas_directive_final_strategic__technical_blueprint",
      "title": "The ATLAS Directive: Final Strategic & Technical Blueprint",
      "mode": "utf8-text",
      "md_file": "The_ATLAS_Directive_Final_Strategic__Technical_Blueprint.md",
      "txt_file": "The_ATLAS_Directive_Final_Strategic__Technical_Blueprint.txt",
      "source_docx": "The ATLAS Directive: Final Strategic & Technical Blueprint.docx",
      "word_count": 1630,
      "char_count": 10327,
      "tags": [
        "3I/ATLAS",
        "ATLAS Directive",
        "knowledge"
      ]
    }
  ]
}